INSERT INTO continents (id_continent, name_continent) VALUES
(1, 'Europe'),
(2, 'North America'),
(3, 'South America'),
(4, 'Asia'),
(5, 'Oceania');

INSERT INTO countries (code_country, name_country, continent_id) VALUES
('ES', 'Spain', 1),
('FR', 'France', 1),
('DE', 'Germany', 1),
('IT', 'Italy', 1),
('US', 'United States', 2),
('CA', 'Canada', 2),
('MX', 'Mexico', 2),
('BR', 'Brazil', 3),
('JP', 'Japan', 4),
('AU', 'Australia', 5);

INSERT INTO cities (id_city, name_city, country_code) VALUES
(1, 'Madrid', 'ES'),
(2, 'Barcelona', 'ES'),
(3, 'Paris', 'FR'),
(4, 'Lyon', 'FR'),
(5, 'Berlin', 'DE'),
(6, 'Munich', 'DE'),
(7, 'Rome', 'IT'),
(8, 'Milan', 'IT'),
(9, 'New York', 'US'),
(10, 'Chicago', 'US'),
(11, 'Toronto', 'CA'),
(12, 'Vancouver', 'CA'),
(13, 'Mexico City', 'MX'),
(14, 'Guadalajara', 'MX'),
(15, 'São Paulo', 'BR'),
(16, 'Rio de Janeiro', 'BR'),
(17, 'Tokyo', 'JP'),
(18, 'Osaka', 'JP'),
(19, 'Sydney', 'AU'),
(20, 'Melbourne', 'AU');

INSERT INTO food_categories (id_category, name_category) VALUES
(1, 'Fruits'),
(2, 'Vegetables'),
(3, 'Dairy'),
(4, 'Bakery'),
(5, 'Meat'),
(6, 'Seafood'),
(7, 'Snacks'),
(8, 'Beverages'),
(9, 'Grains'),
(10, 'Frozen');

INSERT INTO food_subcategories (id_subcategory, name_subcategory, category_id) VALUES
(1, 'Apples', 1),
(2, 'Bananas', 1),
(3, 'Carrots', 2),
(4, 'Tomatoes', 2),
(5, 'Milk', 3),
(6, 'Cheese', 3),
(7, 'Bread', 4),
(8, 'Croissants', 4),
(9, 'Chicken', 5),
(10, 'Beef', 5),
(11, 'Salmon', 6),
(12, 'Shrimp', 6),
(13, 'Chips', 7),
(14, 'Chocolate', 7),
(15, 'Soda', 8),
(16, 'Juice', 8),
(17, 'Rice', 9),
(18, 'Pasta', 9),
(19, 'Ice Cream', 10),
(20, 'Frozen Pizza', 10);

INSERT INTO sales (id_sales, unit_sales, date_sales, city_id) VALUES
(1, 120, '2024-01-05', 1),
(2, 95, '2024-01-06', 2),
(3, 140, '2024-01-07', 3),
(4, 110, '2024-01-08', 4),
(5, 200, '2024-01-09', 5),
(6, 160, '2024-01-10', 6),
(7, 180, '2024-01-11', 7),
(8, 150, '2024-01-12', 8),
(9, 220, '2024-01-13', 9),
(10, 210, '2024-01-14', 10),
(11, 130, '2024-01-15', 11),
(12, 145, '2024-01-16', 12),
(13, 300, '2024-01-17', 13),
(14, 280, '2024-01-18', 14),
(15, 260, '2024-01-19', 15),
(16, 240, '2024-01-20', 16),
(17, 320, '2024-01-21', 17),
(18, 290, '2024-01-22', 18),
(19, 170, '2024-01-23', 19),
(20, 165, '2024-01-24', 20);

INSERT INTO subcategories_sales (subcategory_id, sales_id) VALUES
(1, 1),
(2, 2),
(3, 3),
(4, 4),
(5, 5),
(6, 6),
(7, 7),
(8, 8),
(9, 9),
(10, 10),
(11, 11),
(12, 12),
(13, 13),
(14, 14),
(15, 15),
(16, 16),
(17, 17),
(18, 18),
(19, 19),
(20, 20);